#threads,exec_time,speedup
1S,7.727669,1
1,7.740807,.998302
2,4.403639,1.754837
3,3.819937,2.022983
4,3.401336,2.271951
